timestamp,event,object,confidence
2026-09-01 20:23:52,Restricted Zone Intrusion,Person,1.00
2026-09-01 20:23:53,Restricted Zone Intrusion,Person,1.00
2026-09-01 20:24:09,Restricted Zone Intrusion,Person,1.00
2026-09-01 20:24:10,Restricted Zone Intrusion,Person,1.00
2026-09-01 20:24:13,Restricted Zone Intrusion,Person,1.00
2026-09-01 20:24:14,Restricted Zone Intrusion,Person,1.00
2026-09-01 20:24:15,Restricted Zone Intrusion,Person,1.00
2026-09-01 20:24:16,Restricted Zone Intrusion,Person,1.00
2026-09-01 20:24:18,Restricted Zone Intrusion,Person,1.00
2026-09-01 20:24:19,Restricted Zone Intrusion,Person,1.00
2026-09-01 20:24:20,Restricted Zone Intrusion,Person,1.00
2026-09-01 20:24:27,Restricted Zone Intrusion,Person,1.00
2026-09-01 20:24:28,Restricted Zone Intrusion,Person,1.00
2026-09-01 20:24:29,Restricted Zone Intrusion,Person,1.00
2026-09-01 20:24:30,Restricted Zone Intrusion,Person,1.00
2026-09-01 20:24:31,Restricted Zone Intrusion,Person,1.00
2026-09-01 20:24:32,Restricted Zone Intrusion,Person,1.00
2026-09-01 20:24:33,Restricted Zone Intrusion,Person,1.00
2026-09-01 20:24:34,Restricted Zone Intrusion,Person,1.00
2026-09-01 20:24:39,Restricted Zone Intrusion,Person,1.00
2026-09-01 20:24:40,Restricted Zone Intrusion,Person,1.00
2026-09-01 20:24:41,Restricted Zone Intrusion,Person,1.00
2026-09-01 20:24:42,Restricted Zone Intrusion,Person,1.00
2026-09-01 20:24:43,Restricted Zone Intrusion,Person,1.00
2026-09-01 20:24:44,Restricted Zone Intrusion,Person,1.00
2026-09-01 20:24:45,Restricted Zone Intrusion,Person,1.00
2026-09-01 20:24:46,Restricted Zone Intrusion,Person,1.00
2026-09-01 20:24:47,Restricted Zone Intrusion,Person,1.00
2026-09-01 20:24:48,Restricted Zone Intrusion,Person,1.00
2026-09-01 20:24:49,Restricted Zone Intrusion,Person,1.00
2026-09-01 20:24:50,Restricted Zone Intrusion,Person,1.00
2026-09-01 20:24:51,Restricted Zone Intrusion,Person,1.00
2026-09-01 20:24:52,Restricted Zone Intrusion,Person,1.00
2026-09-01 20:24:53,Restricted Zone Intrusion,Person,1.00
2026-09-01 20:24:54,Restricted Zone Intrusion,Person,1.00
2026-09-01 20:24:55,Restricted Zone Intrusion,Person,1.00
2026-09-01 20:24:56,Restricted Zone Intrusion,Person,1.00
2026-09-01 20:24:57,Restricted Zone Intrusion,Person,1.00
2026-09-01 20:24:58,Restricted Zone Intrusion,Person,1.00
2026-09-01 20:24:59,Restricted Zone Intrusion,Person,1.00
2026-09-01 20:25:00,Restricted Zone Intrusion,Person,1.00
2026-09-01 20:25:01,Restricted Zone Intrusion,Person,1.00
2026-09-01 20:25:02,Restricted Zone Intrusion,Person,1.00
2026-09-01 20:25:03,Restricted Zone Intrusion,Person,1.00
2026-09-01 20:25:04,Restricted Zone Intrusion,Person,1.00
2026-09-01 20:25:05,Restricted Zone Intrusion,Person,1.00
2026-09-01 20:31:01,Restricted Zone Intrusion,Person,1.00
2026-09-01 20:31:02,Restricted Zone Intrusion,Person,1.00
2026-09-01 20:31:03,Restricted Zone Intrusion,Person,1.00
2026-09-01 20:31:04,Restricted Zone Intrusion,Person,1.00
2026-09-01 20:31:07,Restricted Zone Intrusion,Person,1.00
2026-09-01 20:31:08,Restricted Zone Intrusion,Person,1.00
2026-09-01 20:31:09,Restricted Zone Intrusion,Person,1.00
2026-09-01 20:31:10,Restricted Zone Intrusion,Person,1.00
2026-09-01 20:31:12,Restricted Zone Intrusion,Person,1.00
2026-09-01 20:31:13,Restricted Zone Intrusion,Person,1.00
2026-09-01 20:31:14,Restricted Zone Intrusion,Person,1.00
2026-09-01 20:31:15,Restricted Zone Intrusion,Person,1.00
2026-09-01 20:31:16,Restricted Zone Intrusion,Person,1.00
2026-09-01 20:31:17,Restricted Zone Intrusion,Person,1.00
2026-09-01 20:31:18,Restricted Zone Intrusion,Person,1.00
2026-09-01 20:31:20,Restricted Zone Intrusion,Person,1.00
2026-09-01 20:31:21,Restricted Zone Intrusion,Person,1.00
2026-09-01 20:31:22,Restricted Zone Intrusion,Person,1.00
2026-09-01 20:31:23,Restricted Zone Intrusion,Person,1.00
2026-09-01 20:31:24,Restricted Zone Intrusion,Person,1.00
2026-09-01 20:31:25,Restricted Zone Intrusion,Person,1.00
2026-09-01 20:31:26,Restricted Zone Intrusion,Person,1.00
2026-09-01 20:31:27,Restricted Zone Intrusion,Person,1.00
2026-09-01 20:31:28,Restricted Zone Intrusion,Person,1.00
2026-09-01 20:31:29,Restricted Zone Intrusion,Person,1.00
2026-09-01 20:31:30,Restricted Zone Intrusion,Person,1.00
2026-09-01 20:31:31,Restricted Zone Intrusion,Person,1.00
2026-09-01 20:31:32,Restricted Zone Intrusion,Person,1.00
2026-09-01 20:31:33,Restricted Zone Intrusion,Person,1.00
2026-09-01 20:31:34,Restricted Zone Intrusion,Person,1.00
2026-09-01 20:31:35,Restricted Zone Intrusion,Person,1.00
2026-09-01 20:31:36,Restricted Zone Intrusion,Person,1.00
2026-09-01 20:31:37,Restricted Zone Intrusion,Person,1.00
2026-09-01 20:31:38,Restricted Zone Intrusion,Person,1.00
2026-09-01 20:31:39,Restricted Zone Intrusion,Person,1.00
2026-09-01 20:31:40,Restricted Zone Intrusion,Person,1.00
2026-09-01 20:31:41,Restricted Zone Intrusion,Person,1.00
2026-09-01 20:31:42,Restricted Zone Intrusion,Person,1.00
2026-09-01 20:31:43,Restricted Zone Intrusion,Person,1.00
2026-09-01 20:31:44,Restricted Zone Intrusion,Person,1.00
2026-09-01 20:31:45,Restricted Zone Intrusion,Person,1.00
2026-09-01 20:31:46,Restricted Zone Intrusion,Person,1.00
2026-09-01 20:31:47,Restricted Zone Intrusion,Person,1.00
2026-09-01 20:31:48,Restricted Zone Intrusion,Person,1.00
2026-09-01 20:31:49,Restricted Zone Intrusion,Person,1.00
2026-09-01 20:31:50,Restricted Zone Intrusion,Person,1.00
2026-09-01 20:31:51,Restricted Zone Intrusion,Person,1.00
2026-09-01 20:31:52,Restricted Zone Intrusion,Person,1.00
2026-09-01 20:31:53,Restricted Zone Intrusion,Person,1.00
2026-09-01 20:31:54,Restricted Zone Intrusion,Person,1.00
2026-09-01 20:31:55,Restricted Zone Intrusion,Person,1.00
2026-09-01 20:31:56,Restricted Zone Intrusion,Person,1.00
2026-09-01 20:31:57,Restricted Zone Intrusion,Person,1.00
2026-09-01 20:31:58,Restricted Zone Intrusion,Person,1.00
2026-09-01 20:31:59,Restricted Zone Intrusion,Person,1.00
2026-09-01 20:32:00,Restricted Zone Intrusion,Person,1.00
2026-09-01 20:32:01,Restricted Zone Intrusion,Person,1.00
2026-09-01 20:32:02,Restricted Zone Intrusion,Person,1.00
2026-09-01 20:32:03,Restricted Zone Intrusion,Person,1.00
2026-09-01 20:32:04,Restricted Zone Intrusion,Person,1.00
2026-09-01 20:32:05,Restricted Zone Intrusion,Person,1.00
2026-09-01 20:32:06,Restricted Zone Intrusion,Person,1.00
2026-09-01 20:32:07,Restricted Zone Intrusion,Person,1.00
2026-09-01 20:32:08,Restricted Zone Intrusion,Person,1.00
2026-09-01 20:32:09,Restricted Zone Intrusion,Person,1.00
2026-09-01 20:32:10,Restricted Zone Intrusion,Person,1.00
2026-09-01 20:32:11,Restricted Zone Intrusion,Person,1.00
2026-09-01 20:32:12,Restricted Zone Intrusion,Person,1.00
2026-09-01 20:32:13,Restricted Zone Intrusion,Person,1.00
2026-09-01 20:32:14,Restricted Zone Intrusion,Person,1.00
2026-09-01 20:32:15,Restricted Zone Intrusion,Person,1.00
2026-09-01 20:32:16,Restricted Zone Intrusion,Person,1.00
2026-09-01 20:34:36,Restricted Zone Intrusion,Person,1.00
2026-09-01 20:34:37,Restricted Zone Intrusion,Person,1.00
2026-09-01 20:34:38,Restricted Zone Intrusion,Person,1.00
2026-09-01 20:34:39,Restricted Zone Intrusion,Person,1.00
2026-09-01 20:34:40,Restricted Zone Intrusion,Person,1.00
2026-09-01 20:34:41,Restricted Zone Intrusion,Person,1.00
2026-09-01 20:34:42,Restricted Zone Intrusion,Person,1.00
2026-09-01 20:34:43,Restricted Zone Intrusion,Person,1.00
2026-09-01 20:34:44,Restricted Zone Intrusion,Person,1.00
2026-09-01 20:34:45,Restricted Zone Intrusion,Person,1.00
2026-09-01 20:34:46,Restricted Zone Intrusion,Person,1.00
2026-09-01 20:34:47,Restricted Zone Intrusion,Person,1.00
2026-09-01 20:34:53,Restricted Zone Intrusion,Person,1.00
2026-09-01 20:35:06,Restricted Zone Intrusion,Person,1.00
2026-09-01 20:35:07,Restricted Zone Intrusion,Person,1.00
2026-09-01 20:35:08,Restricted Zone Intrusion,Person,1.00
2026-09-01 20:35:09,Restricted Zone Intrusion,Person,1.00
2026-09-01 20:35:10,Restricted Zone Intrusion,Person,1.00
2026-09-01 20:35:11,Restricted Zone Intrusion,Person,1.00
2026-09-01 20:35:12,Restricted Zone Intrusion,Person,1.00
2026-09-01 20:35:13,Restricted Zone Intrusion,Person,1.00
2026-09-01 20:35:14,Restricted Zone Intrusion,Person,1.00
2026-09-01 20:35:15,Restricted Zone Intrusion,Person,1.00
2026-09-01 20:35:16,Restricted Zone Intrusion,Person,1.00
2026-09-01 20:35:17,Restricted Zone Intrusion,Person,1.00
2026-09-01 20:35:18,Restricted Zone Intrusion,Person,1.00
2026-09-01 20:35:19,Restricted Zone Intrusion,Person,1.00
2026-09-01 20:35:20,Restricted Zone Intrusion,Person,1.00
2026-09-01 20:35:21,Restricted Zone Intrusion,Person,1.00
2026-09-01 20:35:22,Restricted Zone Intrusion,Person,1.00
2026-09-01 20:35:23,Restricted Zone Intrusion,Person,1.00
2026-09-01 20:35:24,Restricted Zone Intrusion,Person,1.00
2026-09-01 20:35:25,Restricted Zone Intrusion,Person,1.00
2026-09-01 20:35:26,Restricted Zone Intrusion,Person,1.00
2026-09-01 20:35:27,Restricted Zone Intrusion,Person,1.00
2026-09-01 20:35:28,Restricted Zone Intrusion,Person,1.00
2026-09-01 20:35:29,Restricted Zone Intrusion,Person,1.00
2026-09-01 20:35:30,Restricted Zone Intrusion,Person,1.00
2026-09-01 20:35:31,Restricted Zone Intrusion,Person,1.00
2026-09-01 20:35:32,Restricted Zone Intrusion,Person,1.00
2026-09-01 20:35:33,Restricted Zone Intrusion,Person,1.00
2026-09-01 20:35:34,Restricted Zone Intrusion,Person,1.00
2026-09-01 20:35:35,Restricted Zone Intrusion,Person,1.00
2026-09-01 20:35:36,Restricted Zone Intrusion,Person,1.00
2026-09-01 20:35:37,Restricted Zone Intrusion,Person,1.00
2026-09-01 20:35:38,Restricted Zone Intrusion,Person,1.00
2026-09-01 20:35:39,Restricted Zone Intrusion,Person,1.00
2026-09-01 20:35:40,Restricted Zone Intrusion,Person,1.00
2026-09-01 20:35:41,Restricted Zone Intrusion,Person,1.00
2026-09-01 20:35:42,Restricted Zone Intrusion,Person,1.00
2026-09-01 20:35:43,Restricted Zone Intrusion,Person,1.00
2026-09-01 20:35:44,Restricted Zone Intrusion,Person,1.00
2026-09-01 20:35:45,Restricted Zone Intrusion,Person,1.00
2026-09-01 20:35:46,Restricted Zone Intrusion,Person,1.00
2026-09-01 20:35:47,Restricted Zone Intrusion,Person,1.00
2026-09-01 20:35:48,Restricted Zone Intrusion,Person,1.00
2026-09-01 20:35:49,Restricted Zone Intrusion,Person,1.00
2026-09-01 20:35:50,Restricted Zone Intrusion,Person,1.00
2026-09-01 20:35:51,Restricted Zone Intrusion,Person,1.00
2026-09-01 20:35:52,Restricted Zone Intrusion,Person,1.00
2026-09-01 20:35:53,Restricted Zone Intrusion,Person,1.00
2026-09-01 20:35:54,Restricted Zone Intrusion,Person,1.00
2026-09-01 20:35:55,Restricted Zone Intrusion,Person,1.00
2026-09-01 20:35:56,Restricted Zone Intrusion,Person,1.00
2026-09-01 20:35:57,Restricted Zone Intrusion,Person,1.00
2026-09-01 20:35:58,Restricted Zone Intrusion,Person,1.00
2026-09-01 20:35:59,Restricted Zone Intrusion,Person,1.00
2026-09-01 20:36:00,Restricted Zone Intrusion,Person,1.00
2026-09-01 20:36:01,Restricted Zone Intrusion,Person,1.00
2026-09-01 20:36:02,Restricted Zone Intrusion,Person,1.00
2026-09-01 20:36:03,Restricted Zone Intrusion,Person,1.00
2026-09-01 20:36:04,Restricted Zone Intrusion,Person,1.00
2026-09-01 20:36:05,Restricted Zone Intrusion,Person,1.00
2026-09-01 20:36:06,Restricted Zone Intrusion,Person,1.00
2026-09-01 20:36:07,Restricted Zone Intrusion,Person,1.00
2026-09-01 20:36:08,Restricted Zone Intrusion,Person,1.00
2026-09-01 20:36:09,Restricted Zone Intrusion,Person,1.00
2026-09-01 20:36:10,Restricted Zone Intrusion,Person,1.00
2026-09-01 20:36:11,Restricted Zone Intrusion,Person,1.00
2026-09-01 20:36:12,Restricted Zone Intrusion,Person,1.00
2026-09-01 20:36:13,Restricted Zone Intrusion,Person,1.00
2026-09-01 20:36:14,Restricted Zone Intrusion,Person,1.00
2026-09-01 20:36:15,Restricted Zone Intrusion,Person,1.00
2026-09-01 20:36:16,Restricted Zone Intrusion,Person,1.00
2026-09-01 20:36:17,Restricted Zone Intrusion,Person,1.00
2026-09-01 20:36:18,Restricted Zone Intrusion,Person,1.00
2026-09-01 20:36:19,Restricted Zone Intrusion,Person,1.00
2026-09-01 20:36:20,Restricted Zone Intrusion,Person,1.00
2026-09-01 20:36:21,Restricted Zone Intrusion,Person,1.00
2026-09-01 20:36:22,Restricted Zone Intrusion,Person,1.00
2026-09-01 20:36:23,Restricted Zone Intrusion,Person,1.00
2026-09-01 20:36:24,Restricted Zone Intrusion,Person,1.00
2026-09-01 20:36:25,Restricted Zone Intrusion,Person,1.00
2026-09-01 20:36:26,Restricted Zone Intrusion,Person,1.00
2026-09-01 20:36:27,Restricted Zone Intrusion,Person,1.00
2026-09-01 20:36:28,Restricted Zone Intrusion,Person,1.00
2026-09-01 20:36:29,Restricted Zone Intrusion,Person,1.00
2026-09-01 20:36:30,Restricted Zone Intrusion,Person,1.00
2026-09-01 20:36:31,Restricted Zone Intrusion,Person,1.00
2026-09-01 20:36:32,Restricted Zone Intrusion,Person,1.00
2026-09-01 20:36:33,Restricted Zone Intrusion,Person,1.00
2026-09-01 20:36:34,Restricted Zone Intrusion,Person,1.00
2026-09-01 20:36:35,Restricted Zone Intrusion,Person,1.00
2026-09-01 20:36:36,Restricted Zone Intrusion,Person,1.00
2026-09-01 20:36:37,Restricted Zone Intrusion,Person,1.00
2026-09-01 20:36:38,Restricted Zone Intrusion,Person,1.00
2026-09-01 20:36:39,Restricted Zone Intrusion,Person,1.00
2026-09-01 20:36:40,Restricted Zone Intrusion,Person,1.00
2026-09-01 20:36:41,Restricted Zone Intrusion,Person,1.00
2026-09-01 20:36:42,Restricted Zone Intrusion,Person,1.00
2026-09-01 20:36:43,Restricted Zone Intrusion,Person,1.00
2026-09-01 20:36:44,Restricted Zone Intrusion,Person,1.00
2026-09-01 20:36:45,Restricted Zone Intrusion,Person,1.00
2026-09-01 20:36:46,Restricted Zone Intrusion,Person,1.00
2026-09-01 20:36:47,Restricted Zone Intrusion,Person,1.00
2026-09-01 20:36:48,Restricted Zone Intrusion,Person,1.00
2026-09-01 20:36:49,Restricted Zone Intrusion,Person,1.00
2026-09-01 20:36:50,Restricted Zone Intrusion,Person,1.00
2026-09-01 20:36:51,Restricted Zone Intrusion,Person,1.00
2026-09-01 20:36:52,Restricted Zone Intrusion,Person,1.00
2026-09-01 20:36:53,Restricted Zone Intrusion,Person,1.00
2026-09-01 20:36:54,Restricted Zone Intrusion,Person,1.00
2026-09-01 20:36:55,Restricted Zone Intrusion,Person,1.00
2026-09-01 20:36:56,Restricted Zone Intrusion,Person,1.00
2026-09-01 20:36:57,Restricted Zone Intrusion,Person,1.00
2026-09-01 20:36:58,Restricted Zone Intrusion,Person,1.00
2026-09-01 20:36:59,Restricted Zone Intrusion,Person,1.00
2026-09-01 20:37:00,Restricted Zone Intrusion,Person,1.00
2026-09-01 20:37:01,Restricted Zone Intrusion,Person,1.00
2026-09-01 20:37:02,Restricted Zone Intrusion,Person,1.00
2026-09-01 20:37:03,Restricted Zone Intrusion,Person,1.00
2026-09-01 20:37:04,Restricted Zone Intrusion,Person,1.00
2026-09-01 20:37:05,Restricted Zone Intrusion,Person,1.00
2026-09-01 20:37:06,Restricted Zone Intrusion,Person,1.00
2026-09-01 20:37:07,Restricted Zone Intrusion,Person,1.00
2026-09-01 20:37:08,Restricted Zone Intrusion,Person,1.00
2026-09-01 20:37:09,Restricted Zone Intrusion,Person,1.00
2026-09-01 20:37:10,Restricted Zone Intrusion,Person,1.00
2026-09-01 20:37:11,Restricted Zone Intrusion,Person,1.00
2026-09-01 20:37:12,Restricted Zone Intrusion,Person,1.00
2026-09-01 20:37:13,Restricted Zone Intrusion,Person,1.00
2026-09-01 20:37:14,Restricted Zone Intrusion,Person,1.00
2026-09-01 20:37:15,Restricted Zone Intrusion,Person,1.00
2026-09-01 20:37:16,Restricted Zone Intrusion,Person,1.00
2026-09-01 20:37:17,Restricted Zone Intrusion,Person,1.00
2026-09-01 20:37:18,Restricted Zone Intrusion,Person,1.00
2026-09-01 20:37:19,Restricted Zone Intrusion,Person,1.00
2026-09-01 20:37:20,Restricted Zone Intrusion,Person,1.00
2026-09-01 20:37:21,Restricted Zone Intrusion,Person,1.00
2026-09-01 20:37:22,Restricted Zone Intrusion,Person,1.00
2026-09-01 20:37:23,Restricted Zone Intrusion,Person,1.00
2026-09-01 20:37:24,Restricted Zone Intrusion,Person,1.00
2026-09-01 20:37:25,Restricted Zone Intrusion,Person,1.00
2026-09-01 20:37:26,Restricted Zone Intrusion,Person,1.00
2026-09-01 20:37:27,Restricted Zone Intrusion,Person,1.00
2026-09-01 20:37:28,Restricted Zone Intrusion,Person,1.00
2026-09-01 20:37:29,Restricted Zone Intrusion,Person,1.00
2026-09-01 20:37:30,Restricted Zone Intrusion,Person,1.00
2026-09-01 20:37:31,Restricted Zone Intrusion,Person,1.00
2026-09-01 20:37:32,Restricted Zone Intrusion,Person,1.00
2026-09-01 20:37:33,Restricted Zone Intrusion,Person,1.00
2026-09-01 20:37:34,Restricted Zone Intrusion,Person,1.00
2026-09-01 20:37:35,Restricted Zone Intrusion,Person,1.00
2026-09-01 20:37:36,Restricted Zone Intrusion,Person,1.00
2026-09-01 20:37:37,Restricted Zone Intrusion,Person,1.00
2026-09-01 20:37:38,Restricted Zone Intrusion,Person,1.00
2026-09-01 20:37:39,Restricted Zone Intrusion,Person,1.00
2026-09-01 20:37:40,Restricted Zone Intrusion,Person,1.00
2026-09-01 20:37:41,Restricted Zone Intrusion,Person,1.00
2026-09-01 20:37:42,Restricted Zone Intrusion,Person,1.00
2026-09-01 20:37:43,Restricted Zone Intrusion,Person,1.00
2026-09-01 20:37:44,Restricted Zone Intrusion,Person,1.00
2026-09-01 20:37:45,Restricted Zone Intrusion,Person,1.00
2026-09-01 20:37:46,Restricted Zone Intrusion,Person,1.00
2026-09-01 20:37:47,Restricted Zone Intrusion,Person,1.00
2026-09-01 20:37:48,Restricted Zone Intrusion,Person,1.00
2026-09-01 20:37:49,Restricted Zone Intrusion,Person,1.00
2026-09-01 20:37:50,Restricted Zone Intrusion,Person,1.00
2026-09-01 20:37:51,Restricted Zone Intrusion,Person,1.00
2026-09-01 20:37:52,Restricted Zone Intrusion,Person,1.00
2026-09-01 20:37:53,Restricted Zone Intrusion,Person,1.00
2026-09-01 20:37:54,Restricted Zone Intrusion,Person,1.00
2026-09-01 20:37:55,Restricted Zone Intrusion,Person,1.00
2026-09-01 20:37:56,Restricted Zone Intrusion,Person,1.00
2026-09-01 20:37:57,Restricted Zone Intrusion,Person,1.00
2026-09-01 20:37:58,Restricted Zone Intrusion,Person,1.00
2026-09-01 20:37:59,Restricted Zone Intrusion,Person,1.00
2026-09-01 20:38:00,Restricted Zone Intrusion,Person,1.00
2026-09-01 20:38:01,Restricted Zone Intrusion,Person,1.00
2026-09-01 20:38:02,Restricted Zone Intrusion,Person,1.00
2026-09-01 20:38:03,Restricted Zone Intrusion,Person,1.00
2026-09-01 20:38:04,Restricted Zone Intrusion,Person,1.00
2026-09-01 20:38:05,Restricted Zone Intrusion,Person,1.00
2026-09-01 20:38:06,Restricted Zone Intrusion,Person,1.00
2026-09-01 20:38:07,Restricted Zone Intrusion,Person,1.00
2026-09-01 20:38:08,Restricted Zone Intrusion,Person,1.00
2026-09-01 20:38:09,Restricted Zone Intrusion,Person,1.00
2026-09-01 20:38:10,Restricted Zone Intrusion,Person,1.00
2026-09-01 20:38:11,Restricted Zone Intrusion,Person,1.00
2026-09-01 20:38:12,Restricted Zone Intrusion,Person,1.00
2026-09-01 20:38:13,Restricted Zone Intrusion,Person,1.00
2026-09-01 20:38:14,Restricted Zone Intrusion,Person,1.00
2026-09-01 20:38:15,Restricted Zone Intrusion,Person,1.00
2026-09-01 20:38:16,Restricted Zone Intrusion,Person,1.00
2026-09-01 20:38:17,Restricted Zone Intrusion,Person,1.00
2026-09-01 20:38:18,Restricted Zone Intrusion,Person,1.00
2026-09-01 20:38:19,Restricted Zone Intrusion,Person,1.00
2026-09-01 20:38:20,Restricted Zone Intrusion,Person,1.00
2026-09-01 20:38:21,Restricted Zone Intrusion,Person,1.00
2026-09-01 20:38:22,Restricted Zone Intrusion,Person,1.00
2026-09-01 20:38:23,Restricted Zone Intrusion,Person,1.00
2026-09-01 20:38:24,Restricted Zone Intrusion,Person,1.00
2026-09-01 20:38:25,Restricted Zone Intrusion,Person,1.00
2026-09-01 20:38:26,Restricted Zone Intrusion,Person,1.00
2026-09-01 20:38:27,Restricted Zone Intrusion,Person,1.00
2026-09-01 20:38:28,Restricted Zone Intrusion,Person,1.00
2026-09-01 20:38:29,Restricted Zone Intrusion,Person,1.00
2026-09-01 20:38:30,Restricted Zone Intrusion,Person,1.00
2026-09-01 20:38:31,Restricted Zone Intrusion,Person,1.00
2026-09-01 20:38:32,Restricted Zone Intrusion,Person,1.00
2026-09-01 20:38:33,Restricted Zone Intrusion,Person,1.00
2026-09-01 20:38:34,Restricted Zone Intrusion,Person,1.00
2026-09-01 20:38:35,Restricted Zone Intrusion,Person,1.00
2026-09-01 20:38:36,Restricted Zone Intrusion,Person,1.00
2026-09-01 20:38:37,Restricted Zone Intrusion,Person,1.00
2026-09-01 20:38:38,Restricted Zone Intrusion,Person,1.00
2026-09-01 20:38:39,Restricted Zone Intrusion,Person,1.00
2026-09-01 20:38:40,Restricted Zone Intrusion,Person,1.00
2026-09-01 20:38:41,Restricted Zone Intrusion,Person,1.00
2026-09-01 20:38:42,Restricted Zone Intrusion,Person,1.00
2026-09-01 20:38:43,Restricted Zone Intrusion,Person,1.00
2026-09-01 20:38:44,Restricted Zone Intrusion,Person,1.00
2026-09-01 20:38:45,Restricted Zone Intrusion,Person,1.00
2026-09-01 20:38:46,Restricted Zone Intrusion,Person,1.00
2026-09-01 20:38:47,Restricted Zone Intrusion,Person,1.00
2026-09-01 20:38:48,Restricted Zone Intrusion,Person,1.00
2026-09-01 20:38:49,Restricted Zone Intrusion,Person,1.00
2026-09-01 20:38:50,Restricted Zone Intrusion,Person,1.00
2026-09-01 20:38:51,Restricted Zone Intrusion,Person,1.00
2026-09-01 20:38:52,Restricted Zone Intrusion,Person,1.00
2026-09-01 20:38:53,Restricted Zone Intrusion,Person,1.00
2026-09-01 20:38:54,Restricted Zone Intrusion,Person,1.00
2026-09-01 20:38:55,Restricted Zone Intrusion,Person,1.00
2026-09-01 20:38:56,Restricted Zone Intrusion,Person,1.00
2026-09-01 20:38:57,Restricted Zone Intrusion,Person,1.00
2026-09-01 20:38:58,Restricted Zone Intrusion,Person,1.00
2026-09-01 20:38:59,Restricted Zone Intrusion,Person,1.00
2026-09-01 20:39:00,Restricted Zone Intrusion,Person,1.00
2026-09-01 20:39:01,Restricted Zone Intrusion,Person,1.00
2026-09-01 20:40:20,Restricted Zone Intrusion,Person,1.00
2026-09-01 20:40:21,Restricted Zone Intrusion,Person,1.00
2026-09-01 20:40:22,Restricted Zone Intrusion,Person,1.00
2026-09-01 20:40:33,Restricted Zone Intrusion,Person,1.00
2026-09-01 20:40:34,Restricted Zone Intrusion,Person,1.00
2026-09-01 20:40:35,Restricted Zone Intrusion,Person,1.00
2026-09-01 20:40:36,Restricted Zone Intrusion,Person,1.00
2026-09-01 20:40:37,Restricted Zone Intrusion,Person,1.00
2026-09-01 20:40:47,Restricted Zone Intrusion,Person,1.00
2026-09-01 20:40:48,Restricted Zone Intrusion,Person,1.00
2026-09-01 20:40:49,Restricted Zone Intrusion,Person,1.00
2026-09-01 20:40:50,Restricted Zone Intrusion,Person,1.00
2026-09-01 20:40:53,Restricted Zone Intrusion,Person,1.00
2026-09-01 20:40:54,Restricted Zone Intrusion,Person,1.00
2026-09-01 20:40:55,Restricted Zone Intrusion,Person,1.00
2026-09-01 20:48:13,Restricted Zone Intrusion,Person,1.00
2026-09-01 20:48:15,Restricted Zone Intrusion,Person,1.00
2026-09-01 20:48:16,Restricted Zone Intrusion,Person,1.00
2026-09-01 20:48:17,Restricted Zone Intrusion,Person,1.00
2026-09-01 20:48:18,Restricted Zone Intrusion,Person,1.00
2026-09-01 20:48:19,Restricted Zone Intrusion,Person,1.00
2026-09-01 20:48:25,Restricted Zone Intrusion,Person,1.00
2026-09-01 20:48:28,Restricted Zone Intrusion,Person,1.00
2026-09-01 20:48:30,Restricted Zone Intrusion,Person,1.00
2026-09-01 20:48:33,Restricted Zone Intrusion,Person,1.00
2026-09-01 20:50:23,Restricted Zone Intrusion,Person,1.00
2026-09-01 20:50:24,Restricted Zone Intrusion,Person,1.00
2026-09-01 20:50:28,Restricted Zone Intrusion,Person,1.00
2026-09-01 20:50:30,Restricted Zone Intrusion,Person,1.00
2026-09-01 20:50:31,Restricted Zone Intrusion,Person,1.00
2026-09-01 20:50:32,Restricted Zone Intrusion,Person,1.00
2026-09-01 20:50:33,Restricted Zone Intrusion,Person,1.00
2026-09-01 20:50:34,Restricted Zone Intrusion,Person,1.00
2026-09-01 20:50:35,Restricted Zone Intrusion,Person,1.00
2026-09-01 20:50:38,Restricted Zone Intrusion,Person,1.00
2026-09-01 20:50:39,Restricted Zone Intrusion,Person,1.00
2026-09-01 20:50:54,Restricted Zone Intrusion,Person,1.00
2026-09-01 20:51:01,Restricted Zone Intrusion,Person,1.00
2026-09-01 20:51:07,Restricted Zone Intrusion,Person,1.00
2026-09-01 20:51:13,Restricted Zone Intrusion,Person,1.00
2026-09-01 21:00:25,Restricted Zone Intrusion,Person,1.00
2026-09-01 21:00:26,Restricted Zone Intrusion,Person,1.00
2026-09-01 21:00:27,Restricted Zone Intrusion,Person,1.00
2026-09-01 21:00:28,Restricted Zone Intrusion,Person,1.00
2026-09-01 21:00:29,Restricted Zone Intrusion,Person,1.00
2026-09-01 21:00:30,Restricted Zone Intrusion,Person,1.00
2026-09-01 21:00:35,Restricted Zone Intrusion,Person,1.00
2026-09-01 21:00:37,Restricted Zone Intrusion,Person,1.00
2026-09-01 21:00:38,Restricted Zone Intrusion,Person,1.00
2026-09-01 21:00:39,Restricted Zone Intrusion,Person,1.00
2026-09-01 21:00:41,Restricted Zone Intrusion,Person,1.00
2026-09-01 21:02:49,Restricted Zone Intrusion,Person,1.00
2026-09-01 21:02:50,Restricted Zone Intrusion,Person,1.00
2026-09-01 21:02:51,Restricted Zone Intrusion,Person,1.00
2026-09-01 21:02:52,Restricted Zone Intrusion,Person,1.00
2026-09-01 21:02:53,Restricted Zone Intrusion,Person,1.00
2026-09-01 21:02:54,Restricted Zone Intrusion,Person,1.00
2026-09-01 21:02:55,Restricted Zone Intrusion,Person,1.00
2026-09-01 21:02:59,Restricted Zone Intrusion,Person,1.00
2026-09-01 21:03:01,Restricted Zone Intrusion,Person,1.00
2026-09-01 21:03:02,Restricted Zone Intrusion,Person,1.00
2026-09-01 21:03:03,Restricted Zone Intrusion,Person,1.00
2026-09-01 21:03:05,Restricted Zone Intrusion,Person,1.00
2026-09-01 21:44:13,Restricted Zone Intrusion,Person,1.00
2026-09-01 21:44:14,Restricted Zone Intrusion,Person,1.00
2026-09-01 21:44:15,Restricted Zone Intrusion,Person,1.00
2026-09-01 21:44:16,Restricted Zone Intrusion,Person,1.00
2026-09-01 21:44:17,Restricted Zone Intrusion,Person,1.00
2026-09-01 21:44:18,Restricted Zone Intrusion,Person,1.00
2026-09-01 21:44:19,Restricted Zone Intrusion,Person,1.00
2026-09-01 21:44:24,Restricted Zone Intrusion,Person,1.00
2026-09-01 21:44:27,Restricted Zone Intrusion,Person,1.00
2026-09-01 21:44:29,Restricted Zone Intrusion,Person,1.00
2026-09-01 21:44:31,Restricted Zone Intrusion,Person,1.00
2026-09-01 21:47:06,Restricted Zone Intrusion,Person,1.00
2026-09-01 21:47:07,Restricted Zone Intrusion,Person,1.00
2026-09-01 21:47:08,Restricted Zone Intrusion,Person,1.00
2026-09-01 21:47:09,Restricted Zone Intrusion,Person,1.00
2026-09-01 21:47:10,Restricted Zone Intrusion,Person,1.00
2026-09-01 21:47:11,Restricted Zone Intrusion,Person,1.00
2026-09-01 21:47:12,Restricted Zone Intrusion,Person,1.00
2026-09-01 21:47:17,Restricted Zone Intrusion,Person,1.00
2026-09-01 21:47:19,Restricted Zone Intrusion,Person,1.00
2026-09-01 21:47:20,Restricted Zone Intrusion,Person,1.00
2026-09-01 21:47:21,Restricted Zone Intrusion,Person,1.00
2026-09-01 21:47:24,Restricted Zone Intrusion,Person,1.00
